cpower1,cspeed1,c1 LED,c1 VED,cpower2,cspeed2,c2 LED,c2 VED,angle,eta_SID,rho_s_SID,sig_s_SID,Sa,Sq,Ssk,Sku,sigma_s_rho,Sdq,Sdr
0,"4,000",0,0,28,2000,0.014,0.35,0,0.0894,0.9007,17.581,15.0688,19.0576,0.312,3.9504,19.5192628,62.79,125.928
0,"4,000",0,0,28,2000,0.014,0.35,5,0.0732,0.8686,45.2437,37.715,46.6563,0.0921,2.8351,52.08807276,67.88,185.16
0,"4,000",0,0,28,2000,0.014,0.35,10,0.0649,0.8443,36.5617,29.4591,37.8053,1.009,4.1642,43.30415729,70.89,251.215
0,"4,000",0,0,28,2000,0.014,0.35,15,0.0638,0.8718,37.4975,30.1618,37.5715,0.2143,2.7246,43.01158523,69.9,226.34
0,"4,000",0,0,28,2000,0.014,0.35,20,0.0593,0.8346,36.4303,28.4712,37.2493,0.8065,4.4419,43.65001198,71.079,256.115
0,"4,000",0,0,28,2000,0.014,0.35,25,0.0621,0.9034,30.736,24.9412,31.1378,0.3029,2.9849,34.02258136,69.096,213.464
0,"4,000",0,0,28,2000,0.014,0.35,30,0.0557,0.7937,32.4421,26.4967,33.7178,0.6268,4.1294,40.87451178,75.339,388.839
0,"4,000",0,0,28,2000,0.014,0.35,35,0.0546,0.8118,31.6314,24.9723,31.7104,0.1247,3.1734,38.96452328,72.16,295.625
0,"4,000",0,0,28,2000,0.014,0.35,40,0.0596,0.8287,26.8025,21.8481,27.5578,-0.0655,3.1299,32.34282611,70.486,247.207
0,"4,000",0,0,28,2000,0.014,0.35,45,0.0564,0.7761,32.8955,25.6933,32.7942,0.0894,3.3965,42.38564618,73.714,357.63
0,"4,000",0,0,28,2000,0.014,0.35,50,0.0576,0.7058,31.059,24.6602,31.2576,0.2198,3.5195,44.00538396,74.415,388.262
0,"4,000",0,0,28,2000,0.014,0.35,55,0.0516,0.7771,28.8264,23.1019,29.4933,-0.0103,3.4316,37.09483979,72.804,316.31
0,"4,000",0,0,28,2000,0.014,0.35,60,0.0561,0.766,27.2482,21.9024,27.8396,-0.253,3.2467,35.57206266,73.403,346.177
0,"4,000",0,0,28,2000,0.014,0.35,65,0.0565,0.7539,27.918,21.3056,27.8108,0.099,4.024,37.03143653,73.127,334.059
0,"4,000",0,0,28,2000,0.014,0.35,70,0.0552,0.7504,29.0594,22.6868,29.0896,-0.0565,3.3648,38.72521322,73.69,363.177
0,"4,000",0,0,28,2000,0.014,0.35,75,0.0566,0.6394,28.5261,22.0069,28.3645,0.1562,3.8188,44.61385674,75.939,444.57
0,"4,000",0,0,28,2000,0.014,0.35,80,0.0635,0.5622,25.6199,20.032,26.2807,-0.1715,3.9457,45.57079331,76.667,556.568
0,"4,000",0,0,28,2000,0.014,0.35,85,0.0587,0.6077,26.437,20.6948,26.7059,-0.3327,3.5329,43.50337338,77.25,608.26
0,"4,000",0,0,28,2000,0.014,0.35,90,0.0597,0.597,27.1291,20.775,26.8756,-0.0666,3.4938,45.44237856,77.125,598.523
0,"4,000",0,0,35,2000,0.018,0.438,0,0.0951,1.1018,21.5099,17.0611,21.6119,0.1138,2.9677,19.52250862,53.43,64.301
0,"4,000",0,0,35,2000,0.018,0.438,5,0.0829,1.0679,32.072,26.0989,35.2113,-0.1046,4.3467,30.0327746,64.697,139.571
0,"4,000",0,0,35,2000,0.018,0.438,10,0.0678,0.8448,34.0722,29.1329,37.2018,0.6671,3.9125,40.33167614,69.436,216.075
0,"4,000",0,0,35,2000,0.018,0.438,15,0.0651,0.7682,33.2449,26.3596,34.5189,0.869,4.3641,43.27636032,73.87,360.002
0,"4,000",0,0,35,2000,0.018,0.438,20,0.065,0.7866,34.0967,27.4619,34.2451,0.3971,2.9969,43.34693618,73.93,367.076
0,"4,000",0,0,35,2000,0.018,0.438,25,0.0777,0.5372,28.2872,22.537,29.6203,0.6141,3.9473,52.65673864,78.092,680.021
0,"4,000",0,0,35,2000,0.018,0.438,30,0.0786,0.5091,31.0655,25.0212,31.8804,0.5618,3.3285,61.02042821,78.658,765.  804
0,"4,000",0,0,35,2000,0.018,0.438,35,0.0702,0.5116,35.1905,27.5568,35.6052,0.5435,3.7637,68.78518374,79.182,827.481
0,"4,000",0,0,35,2000,0.018,0.438,40,0.0719,0.4928,32.9576,26.1865,33.1551,0.0917,3.2972,66.87824675,78.826,780.378
0,"4,000",0,0,35,2000,0.018,0.438,45,0.0669,0.5443,32.4143,25.6632,32.3359,-0.0139,3.1235,59.55226897,78.514,735.645
0,"4,000",0,0,35,2000,0.018,0.438,50,0.0692,0.4837,29.6399,23.7723,30.4271,0.1879,3.55,61.2774447,79.459,879.844
0,"4,000",0,0,35,2000,0.018,0.438,55,0.0716,0.4492,29.6208,23.3739,29.6617,0.1705,3.1813,65.94122885,80.063,994.055
0,"4,000",0,0,35,2000,0.018,0.438,60,0.0736,0.4704,27.5339,21.6498,28.1085,0.1307,3.7058,58.53295068,78.878,788.595
0,"4,000",0,0,35,2000,0.018,0.438,65,0.065,0.6059,24.5028,19.4329,25.0702,0.1592,3.7424,40.44033669,75.054,447.335
0,"4,000",0,0,35,2000,0.018,0.438,70,0.0675,0.5778,27.4221,21.5212,27.6179,0.3074,3.7687,47.45950156,77.474,632.671
0,"4,000",0,0,35,2000,0.018,0.438,75,0.0651,0.6628,25.259,19.8234,25.3515,-0.171,3.6753,38.1095353,75.885,511.111
0,"4,000",0,0,35,2000,0.018,0.438,80,0.0677,0.5897,23.1341,18.0061,23.006,0.1207,3.5969,39.23028659,76.654,564.156
0,"4,000",0,0,35,2000,0.018,0.438,85,0.0629,0.6335,24.3892,18.752,24.3774,-0.0301,3.6309,38.49913181,75.992,514.935
0,"4,000",0,0,35,2000,0.018,0.438,90,0.0616,0.6405,24.5899,19.2328,25.1126,-0.1727,3.8444,38.39172521,75.883,507.513
0,"4,000",0,0,42,2000,0.021,0.525,0,0.0839,1.0554,17.2188,14.3387,17.9821,-0.3001,3.3401,16.31495168,57.572,83.877
0,"4,000",0,0,42,2000,0.021,0.525,5,0.0765,0.9622,26.3702,21.2419,27.4013,0.7477,3.9464,27.40615257,62.935,120.837
0,"4,000",0,0,42,2000,0.021,0.525,10,0.0653,0.866,28.203,23.0236,30.1324,0.4708,3.8289,32.5669746,66.97,166.048
0,"4,000",0,0,42,2000,0.021,0.525,15,0.0599,0.9101,28.843,23.3905,30.608,-0.0792,3.6294,31.69212174,69.408,208.549
0,"4,000",0,0,42,2000,0.021,0.525,20,0.0567,0.8946,27.7217,23.3292,29.7716,-0.1783,3.4349,30.98781578,71.722,268.645
0,"4,000",0,0,42,2000,0.021,0.525,25,0.0525,0.8219,33.2556,26.448,34.1364,0.7026,4.131,40.46185667,73.58,331.762
0,"4,000",0,0,42,2000,0.021,0.525,30,0.0528,0.8102,33.1941,26.4384,34.3547,0.3918,4.0709,40.97025426,73.735,338.376
0,"4,000",0,0,42,2000,0.021,0.525,35,0.0508,0.8514,30.8127,23.8723,30.7077,0.36,3.3236,36.1906272,74.445,377.94
0,"4,000",0,0,42,2000,0.021,0.525,40,0.0493,0.8142,31.9644,25.3985,32.3286,0.1439,3.1394,39.25865881,74.685,383.146
0,"4,000",0,0,42,2000,0.021,0.525,45,0.0497,0.7641,35.1108,27.0019,35.3466,0.5093,3.806,45.95053004,74.72,392.158
0,"4,000",0,0,42,2000,0.021,0.525,50,0.0525,0.7985,29.4157,23.719,30.2403,-0.267,3.4066,36.83869756,74.541,392.556
0,"4,000",0,0,42,2000,0.021,0.525,55,0.0531,0.7511,32.3367,24.6709,33.3184,0.2264,4.9503,43.0524564,76.931,547.677
0,"4,000",0,0,42,2000,0.021,0.525,60,0.058,0.663,29.0675,22.6498,29.4743,0.0669,4.0659,43.84238311,77.285,586.459
0,"4,000",0,0,42,2000,0.021,0.525,65,0.0521,0.7535,27.4449,21.912,28.0426,0.0568,3.486,36.42322495,76.2,452.693
0,"4,000",0,0,42,2000,0.021,0.525,70,0.0529,0.7447,28.2922,21.8098,28.2163,0.2259,4.17,37.99140594,75.255,449.325
0,"4,000",0,0,42,2000,0.021,0.525,75,0.0639,0.612,25.3454,19.5958,25.1209,0.1489,3.6825,41.41405229,77.352,616.199
0,"4,000",0,0,42,2000,0.021,0.525,80,0.0588,0.6899,23.3147,18.3298,23.5333,-0.0526,3.584,33.79431802,75.639,484.395
0,"4,000",0,0,42,2000,0.021,0.525,85,0.0569,0.6515,27.4409,21.2263,27.3744,0.269,3.6912,42.11957022,75.823,488.944
0,"4,000",0,0,42,2000,0.021,0.525,90,0.0557,0.6765,24.9275,19.0487,25.0272,0.1803,3.8646,36.84774575,74.416,411.069
110.4,390,0.283,7.077,64,800,0.08,2,0,0.1129,1.0035,12.2711,9.721,12.604,0.0038,4.1768,12.22830095,56.015,76.667
110.4,390,0.283,7.077,64,800,0.08,2,5,0.0869,0.9374,27.7919,23.3886,28.9757,-0.2522,3.0274,29.64785577,62.54,122.478
110.4,390,0.283,7.077,64,800,0.08,2,10,0.0898,0.8947,28.1871,23.4617,28.7494,0.2776,2.7,31.50452666,65.46,157.848
110.4,390,0.283,7.077,64,800,0.08,2,15,0.0954,0.8899,19.2874,16.0995,19.9371,0.0875,2.7769,21.6736712,63.338,133.28
110.4,390,0.283,7.077,64,800,0.08,2,20,0.0936,0.8278,19.4611,16.2289,21.0244,0.6883,4.1693,23.50942257,66.38,170.344
110.4,390,0.283,7.077,64,800,0.08,2,25,0.0926,0.8227,19.0698,15.5226,19.9008,0.4829,4.0341,23.17953081,69.34,223.262
110.4,390,0.283,7.077,64,800,0.08,2,30,0.0965,0.8092,20.7476,17.29,21.5617,0.33,3.3084,25.63964409,67.358,187.326
110.4,390,0.283,7.077,64,800,0.08,2,35,0.0903,0.8356,20.734,16.7708,21.6827,0.4504,3.6138,24.8133078,69.644,233.693
110.4,390,0.283,7.077,64,800,0.08,2,40,0.097,0.8453,17.1888,13.8952,17.7946,0.4508,3.419,20.33455578,68.313,210.235
110.4,390,0.283,7.077,64,800,0.08,2,45,0.0973,0.8279,16.4443,13.4962,17.7885,0.9447,5.1719,19.86266457,69.6,236.354
110.4,390,0.283,7.077,64,800,0.08,2,50,0.1024,0.833,15.1161,12.0352,15.9098,0.7379,4.3345,18.14657863,69.189,229.2
110.4,390,0.283,7.077,64,800,0.08,2,55,0.1111,0.6949,15.4263,12.4587,16.2221,0.9136,5.4389,22.19930925,74.173,402.241
110.4,390,0.283,7.077,64,800,0.08,2,60,0.1131,0.7669,13.8269,10.9762,14.4605,0.6849,5.0072,18.02959969,73.497,368.142
110.4,390,0.283,7.077,64,800,0.08,2,65,0.1099,0.7825,10.5551,8.1051,10.8716,0.9077,5.8335,13.48894569,69.731,242.91
110.4,390,0.283,7.077,64,800,0.08,2,70,0.1078,0.8233,10.3012,7.9388,10.7349,1.2245,6.2842,12.51208551,68.581,217.309
110.4,390,0.283,7.077,64,800,0.08,2,75,0.1092,0.8315,9.3326,7.2198,9.5435,0.8019,5.3743,11.22381239,65.492,162.263
110.4,390,0.283,7.077,64,800,0.08,2,80,0.1044,0.9224,8.295,6.4045,8.717,1.193,6.2916,8.992844753,64.482,151.491
110.4,390,0.283,7.077,64,800,0.08,2,85,0.103,0.9514,8.0846,6.17,8.4636,1.1833,5.6527,8.49758251,62.229,126.04
110.4,390,0.283,7.077,64,800,0.08,2,90,0.102,0.9863,8.5726,6.1828,8.9656,1.785,8.9279,8.691675961,62.912,132.919
124.2,390,0.318461538,7.961538462,72,800,0.09,2.25,0,0.0912,1.4719,11.2376,8.9189,11.7095,1.0672,6.8609,7.634757796,52.249,59.954
124.2,390,0.318461538,7.961538462,72,800,0.09,2.25,5,0.0583,0.92,39.5403,32.997,41.3593,0.8872,3.5533,42.97858696,66.59,155.365
124.2,390,0.318461538,7.961538462,72,800,0.09,2.25,10,0.0621,0.9592,28.2169,23.3805,28.8706,-0.0994,2.7207,29.41711843,62.759,118.661
124.2,390,0.318461538,7.961538462,72,800,0.09,2.25,15,0.0523,0.9951,31.0056,24.8131,31.8823,0.4904,3.4913,31.15827555,65.855,148.477
124.2,390,0.318461538,7.961538462,72,800,0.09,2.25,20,0.0615,1.0895,23.5874,19.5902,25.1839,0.3911,3.3553,21.64974759,61.974,111.731
124.2,390,0.318461538,7.961538462,72,800,0.09,2.25,25,0.0787,1.2208,18.7968,14.6987,19.0153,0.4008,3.5327,15.39711664,61.509,111.815
124.2,390,0.318461538,7.961538462,72,800,0.09,2.25,30,0.0817,1.221,17.2725,13.8805,17.5641,0.5279,3.3722,14.14619165,61.049,107.188
124.2,390,0.318461538,7.961538462,72,800,0.09,2.25,35,0.0872,1.3006,14.2026,10.6768,14.3565,0.8027,4.93,10.92003691,61.185,110.35
124.2,390,0.318461538,7.961538462,72,800,0.09,2.25,40,0.0896,1.4016,11.6679,8.6531,11.9183,0.7859,4.9775,8.324700342,60.932,106.51
124.2,390,0.318461538,7.961538462,72,800,0.09,2.25,45,0.0902,1.3035,11.6433,9.2269,11.7874,0.7062,4.3304,8.932336018,62.329,121.363
124.2,390,0.318461538,7.961538462,72,800,0.09,2.25,50,0.0929,1.2754,9.7806,7.6519,10.0915,1.009,6.0424,7.668652972,60.362,105.025
124.2,390,0.318461538,7.961538462,72,800,0.09,2.25,55,0.0981,1.0831,8.6517,6.6015,8.7126,0.8925,5.3728,7.987905087,64.514,144.862
124.2,390,0.318461538,7.961538462,72,800,0.09,2.25,60,0.0967,1.2249,8.2072,6.4449,8.4123,0.8162,4.6151,6.700302065,60.639,108.289
124.2,390,0.318461538,7.961538462,72,800,0.09,2.25,65,0.0995,1.0581,8.2496,6.1219,8.4245,1.163,6.4793,7.796616577,64.745,149.778
124.2,390,0.318461538,7.961538462,72,800,0.09,2.25,70,0.0961,1.1256,7.8775,5.7327,8.1507,1.6585,8.1405,6.998489694,64.72,151.775
124.2,390,0.318461538,7.961538462,72,800,0.09,2.25,75,0.0951,1.2246,7.3495,5.3308,7.5239,1.4065,6.9935,6.001551527,61.881,121.522
124.2,390,0.318461538,7.961538462,72,800,0.09,2.25,80,0.1041,0.9032,8.4464,6.2182,8.5252,1.1707,6.0337,9.351638618,68.904,221.079
124.2,390,0.318461538,7.961538462,72,800,0.09,2.25,85,0.0997,1.0374,8.4442,6.3454,8.9899,1.6432,8.6314,8.139772508,70.451,260.909
124.2,390,0.318461538,7.961538462,72,800,0.09,2.25,90,0.0957,1.0308,11.5484,8.5543,12.4714,2.0682,10.6376,11.20333721,68.62,218.687
138,390,0.353846154,8.846153846,80,800,0.1,2.5,0,0.0878,1.1572,20.8451,17.5544,22.176,-0.161,3.202,18.0133944,55.472,71.452
138,390,0.353846154,8.846153846,80,800,0.1,2.5,5,0.0702,1.0207,41.6791,33.1856,41.7716,0.5721,3.0262,40.83383952,67.519,177.202
138,390,0.353846154,8.846153846,80,800,0.1,2.5,10,0.0751,1.0852,35.0862,28.2123,35.492,0.3708,2.9189,32.33155179,62.842,120.342
138,390,0.353846154,8.846153846,80,800,0.1,2.5,15,0.0682,1.1039,26.3694,21.0132,26.6931,0.2783,3.4656,23.88748981,63.692,126.83
138,390,0.353846154,8.846153846,80,800,0.1,2.5,20,0.076,1.1753,19.5234,15.9228,19.9322,0.0805,3.0162,16.61141836,59.963,97.593
138,390,0.353846154,8.846153846,80,800,0.1,2.5,25,0.0764,1.1471,20.1271,16.4801,20.4488,0.4749,2.8951,17.54607271,56.529,76.4
138,390,0.353846154,8.846153846,80,800,0.1,2.5,30,0.0861,1.3346,17.7545,14.1192,18.0066,0.2595,3.3998,13.30323692,59.953,101.148
138,390,0.353846154,8.846153846,80,800,0.1,2.5,35,0.0894,1.4397,14.9307,11.3232,14.966,0.9956,4.3153,10.37070223,55.622,73.551
138,390,0.353846154,8.846153846,80,800,0.1,2.5,40,0.0882,1.5084,11.2785,8.6603,11.6988,0.911,6.1372,7.477128083,54.697,69.478
138,390,0.353846154,8.846153846,80,800,0.1,2.5,45,0.0917,1.213,12.6302,10.2472,12.8053,0.4923,3.5981,10.41236603,57.169,81.749
138,390,0.353846154,8.846153846,80,800,0.1,2.5,50,0.0932,1.1815,9.1291,7.0502,9.2707,0.6382,4.9953,7.726703343,57.355,84.277
138,390,0.353846154,8.846153846,80,800,0.1,2.5,55,0.0933,1.2555,10.3604,8.21,10.2582,0.7108,3.3971,8.252011151,58.114,87.795
138,390,0.353846154,8.846153846,80,800,0.1,2.5,60,0.0926,1.1995,7.9096,5.8835,8.0501,1.3855,9.5737,6.594080867,59.738,101.012
138,390,0.353846154,8.846153846,80,800,0.1,2.5,65,0.0891,1.4656,7.5686,5.6689,7.5752,0.9726,5.49,5.164164847,60.04,105.146
138,390,0.353846154,8.846153846,80,800,0.1,2.5,70,0.0901,1.3339,8.2182,6.0275,8.1736,1.0384,5.5853,6.161031562,63.829,141.475
138,390,0.353846154,8.846153846,80,800,0.1,2.5,75,0.0917,1.3206,7.5564,5.6876,7.5051,0.9723,4.787,5.721944571,63.027,132.499
138,390,0.353846154,8.846153846,80,800,0.1,2.5,80,0.0888,1.2532,8.6283,6.4244,8.5599,1.0362,5.0013,6.885014363,65.953,170.677
138,390,0.353846154,8.846153846,80,800,0.1,2.5,85,0.0862,1.2644,9.0585,6.5407,9.1315,1.4594,7.2247,7.164267637,67.114,190.536
138,390,0.353846154,8.846153846,80,800,0.1,2.5,90,0.0895,1.0813,8.503,6.3356,8.4442,1.0545,5.0516,7.863682604,65.348,163.509
151.8,390,0.389230769,9.730769231,88,800,0.11,2.75,0,0.097,1.2012,13.9384,10.0827,14.8835,-0.9648,8.5508,11.6037296,56.434,77.484
151.8,390,0.389230769,9.730769231,88,800,0.11,2.75,5,0.0672,1.1014,39.5763,32.2996,39.3934,0.3779,2.6638,35.93272199,62.709,120.319
151.8,390,0.389230769,9.730769231,88,800,0.11,2.75,10,0.08,0.9189,30.7819,24.3277,32.0238,-0.0386,3.3996,33.49863968,68.422,195.09
151.8,390,0.389230769,9.730769231,88,800,0.11,2.75,15,0.0801,1.0095,19.8056,15.1711,20.6894,0.6389,5.617,19.61921743,59.365,95.626
151.8,390,0.389230769,9.730769231,88,800,0.11,2.75,20,0.0804,1.0559,21.973,17.6249,21.967,0.4454,2.9622,20.80973577,61.218,109.505
151.8,390,0.389230769,9.730769231,88,800,0.11,2.75,25,0.0904,1.0867,18.4685,14.2461,18.366,0.9447,3.9675,16.99503083,62.264,117.5
151.8,390,0.389230769,9.730769231,88,800,0.11,2.75,30,0.0924,1.1477,14.397,10.9376,14.2064,0.5645,3.8556,12.54421887,59.179,93.494
151.8,390,0.389230769,9.730769231,88,800,0.11,2.75,35,0.0943,1.1908,14.8083,11.4753,14.9465,0.999,4.8915,12.43558952,58.815,92.217
151.8,390,0.389230769,9.730769231,88,800,0.11,2.75,40,0.0915,1.2669,11.8358,9.3706,11.9757,0.2695,3.5848,9.342331676,56.072,76.799
151.8,390,0.389230769,9.730769231,88,800,0.11,2.75,45,0.0925,1.4268,10.6768,8.4704,10.9439,1.1229,6.0992,7.483038968,58.364,90.36
151.8,390,0.389230769,9.730769231,88,800,0.11,2.75,50,0.0936,1.4552,10.6774,8.348,10.7652,0.7715,4.1331,7.337410665,55.799,75.272
151.8,390,0.389230769,9.730769231,88,800,0.11,2.75,55,0.0938,1.3541,9.2014,7.171,9.1868,0.5731,4.9662,6.795214534,56.846,81.2
151.8,390,0.389230769,9.730769231,88,800,0.11,2.75,60,0.0921,1.3805,7.7149,5.7135,7.7988,1.4716,8.6349,5.588482434,58.038,88.869
151.8,390,0.389230769,9.730769231,88,800,0.11,2.75,65,0.0908,1.4737,8.9253,7.0231,8.9778,0.7624,3.8978,6.056388682,57.562,85.876
151.8,390,0.389230769,9.730769231,88,800,0.11,2.75,70,0.091,1.4993,6.6871,4.852,6.6326,1.5023,7.3479,4.460148069,59.897,101.756
151.8,390,0.389230769,9.730769231,88,800,0.11,2.75,75,0.0956,1.1915,7.1645,5.3597,7.0659,1.1065,5.6126,6.013008812,63.074,130.775
151.8,390,0.389230769,9.730769231,88,800,0.11,2.75,80,0.0956,1.1602,7.8333,5.5679,7.6931,1.4395,6.1584,6.751680745,65.927,168.273
151.8,390,0.389230769,9.730769231,88,800,0.11,2.75,85,0.0954,1.2832,8.2391,5.8393,8.0163,1.2852,5.9926,6.420745012,67.21,190.175
151.8,390,0.389230769,9.730769231,88,800,0.11,2.75,90,0.098,1.0639,8.6098,6.2545,8.5683,0.8556,5.1597,8.092677883,67.964,205.948
165.6,390,0.424615385,10.61538462,96,800,0.12,3,0,0.0952,1.4803,9.1069,7.3128,9.3172,0.2812,4.0499,6.152063771,51.518,55.791
165.6,390,0.424615385,10.61538462,96,800,0.12,3,5,0.0876,0.9888,26.5237,22.0234,26.4427,0.2763,2.5307,26.82413026,55.461,74.328
165.6,390,0.424615385,10.61538462,96,800,0.12,3,10,0.0788,1.1317,23.0154,18.0922,23.6187,0.3933,3.2727,20.33701511,57.514,82.482
165.6,390,0.424615385,10.61538462,96,800,0.12,3,15,0.0817,1.34,18.953,15.6487,18.8449,0.0237,2.3502,14.14402985,48.708,47.436
165.6,390,0.424615385,10.61538462,96,800,0.12,3,20,0.0862,1.2008,14.5362,11.9441,15.1682,0.7085,3.7948,12.10542971,55.998,76.404
165.6,390,0.424615385,10.61538462,96,800,0.12,3,25,0.094,1.3326,15.3909,12.348,15.9902,1.036,7.6321,11.54952724,58.799,90.731
165.6,390,0.424615385,10.61538462,96,800,0.12,3,30,0.0976,1.3281,16.5799,12.3849,16.7215,1.1111,4.7373,12.4839244,59.277,95.607
165.6,390,0.424615385,10.61538462,96,800,0.12,3,35,0.0961,1.3508,14.2653,11.0471,14.3082,0.6055,3.4035,10.56063074,55.729,76.146
165.6,390,0.424615385,10.61538462,96,800,0.12,3,40,0.0949,1.3001,12.0465,9.0532,11.9586,0.7515,3.9929,9.265825706,57.182,84.132
165.6,390,0.424615385,10.61538462,96,800,0.12,3,45,0.0936,1.3281,12.3417,9.922,13.0465,0.5432,5.7723,9.29274904,61.487,105.901
165.6,390,0.424615385,10.61538462,96,800,0.12,3,50,0.099,1.1767,10.9676,8.8245,11.0735,0.7387,3.8297,9.320642475,59.982,104.378
165.6,390,0.424615385,10.61538462,96,800,0.12,3,55,0.0971,1.0722,14.7531,10.3625,17.3272,3.7385,25.1817,13.75965305,63.057,130.75
165.6,390,0.424615385,10.61538462,96,800,0.12,3,60,0.0989,1.2306,8.3458,6.4935,8.524,0.8304,4.8999,6.781895011,58.699,94.69
165.6,390,0.424615385,10.61538462,96,800,0.12,3,65,0.0982,1.0727,9.2398,7.3836,9.3292,0.6888,4.0298,8.613591871,60.397,108.377
165.6,390,0.424615385,10.61538462,96,800,0.12,3,70,0.0967,1.3066,7.8793,6.1195,7.9036,0.6762,4.0872,6.030384203,61.117,114.59
165.6,390,0.424615385,10.61538462,96,800,0.12,3,75,0.0966,1.1841,7.4879,5.5915,7.5803,1.0279,5.4156,6.323705768,59.662,102.639
165.6,390,0.424615385,10.61538462,96,800,0.12,3,80,0.0979,1.2905,7.3703,5.5633,7.3634,0.8515,5.0697,5.71119721,59.418,99.855
165.6,390,0.424615385,10.61538462,96,800,0.12,3,85,0.0975,1.1708,8.3917,6.3475,8.3946,0.9678,4.958,7.167492313,62.619,128.557
165.6,390,0.424615385,10.61538462,96,800,0.12,3,90,0.0994,1.1136,7.6908,5.7669,7.5553,0.4565,4.3468,6.90625,63.673,139.251
0,4000,0,0,35,2500,0.014,0.35,0,0.1022,0.9828,27.4148,20.0576,28.6957,0.5486,4.5302,27.89458689,66.7,172.163
0,4000,0,0,35,2500,0.014,0.35,5,0.0836,0.7745,36.0809,29.4065,36.4912,0.2191,2.6941,46.58605552,71.252,269.207
0,4000,0,0,35,2500,0.014,0.35,10,0.0653,0.6954,42.6895,36.4891,46.5175,0.6923,3.6073,61.38840955,77.473,542.325
0,4000,0,0,35,2500,0.014,0.35,15,0.0745,0.5603,48.9923,39.8801,53.1852,1.2675,6.3461,87.43940746,80.449,1009.741
0,4000,0,0,35,2500,0.014,0.35,20,0.068,0.6719,33.3567,27.1435,34.7066,0.5894,3.6866,49.64533413,74.734,401.574
0,4000,0,0,35,2500,0.014,0.35,25,0.0699,0.5564,38.4793,31.4698,40.6161,0.4557,3.4875,69.15762042,78.255,694.067
0,4000,0,0,35,2500,0.014,0.35,30,0.0674,0.5259,38.2112,30.5023,37.9432,0.426,2.9017,72.65868036,79.109,806.944
0,4000,0,0,35,2500,0.014,0.35,35,0.0661,0.5543,36.0104,29.3308,38.1251,0.5849,3.9359,64.96554213,79.107,798.94
0,4000,0,0,35,2500,0.014,0.35,40,0.0741,0.4796,35.3356,28.0167,35.5534,0.626,4.1773,73.67723103,80.211,1000.184
0,4000,0,0,35,2500,0.014,0.35,45,0.0697,0.5246,35.7682,29.2528,36.1278,0.3158,3.0221,68.18185284,78.973,793.522
0,4000,0,0,35,2500,0.014,0.35,50,0.0619,0.6177,37.8391,29.6622,38.0492,0.2886,3.3731,61.25805407,76.613,542.442
0,4000,0,0,35,2500,0.014,0.35,55,0.0666,0.6344,33.8486,27.3374,34.4378,0.154,3.0882,53.35529634,75.438,460.833
0,4000,0,0,35,2500,0.014,0.35,60,0.0638,0.6327,32.1987,26.199,32.6661,0.1605,3.1794,50.89094358,75.717,481.853
0,4000,0,0,35,2500,0.014,0.35,65,0.0665,0.5925,29.4032,23.856,30.1447,-0.0776,3.3293,49.62565401,78.203,691.35
0,4000,0,0,35,2500,0.014,0.35,70,0.0595,0.6218,31.3393,24.764,30.5701,0.3158,2.8134,50.40093278,75.72,481.88
0,4000,0,0,35,2500,0.014,0.35,75,0.0625,0.6198,26.4056,20.8477,26.7579,0.4302,3.5941,42.60342046,75.054,444.168
0,4000,0,0,35,2500,0.014,0.35,80,0.0615,0.5735,30.0679,22.6205,29.9917,0.568,4.8012,52.42877071,77.084,589.491
0,4000,0,0,35,2500,0.014,0.35,85,0.0635,0.5778,26.6939,20.5982,26.9468,0.396,4.438,46.19920388,77.12,594.337
0,4000,0,0,35,2500,0.014,0.35,90,0.0621,0.6062,24.3114,18.775,24.5374,-0.03,3.7291,40.10458595,75.58,479.191
0,4000,0,0,35,1666.666667,0.021,0.525,0,0.101,0.9355,29.7992,24.1482,32.9987,1.5678,5.7049,31.85376804,67.273,184.088
0,4000,0,0,35,1666.666667,0.021,0.525,5,0.0949,0.7978,41.6475,32.7952,42.6095,0.3267,3.1546,52.20293307,72.875,327.884
0,4000,0,0,35,1666.666667,0.021,0.525,10,0.0729,0.6899,38.1882,29.926,40.8435,1.2042,6.7242,55.3532396,76.509,523.304
0,4000,0,0,35,1666.666667,0.021,0.525,15,0.0689,0.6818,38.8024,32.3218,41.8167,0.6919,4.0565,56.91170431,77.239,581.84
0,4000,0,0,35,1666.666667,0.021,0.525,20,0.0689,0.6193,42.8783,34.7898,45.6605,0.8813,4.7444,69.23671888,78.876,719.232
0,4000,0,0,35,1666.666667,0.021,0.525,25,0.0647,0.5526,43.17,33.7869,44.2264,0.5347,4.7887,78.12160695,79.35,836.887
0,4000,0,0,35,1666.666667,0.021,0.525,30,0.0594,0.6276,43.5443,35.8392,44.3987,0.5658,3.1944,69.38224984,78.418,699.403
0,4000,0,0,35,1666.666667,0.021,0.525,35,0.0573,0.5846,45.8397,36.1977,46.2499,0.4526,3.4768,78.41207663,78.766,752.501
0,4000,0,0,35,1666.666667,0.021,0.525,40,0.0634,0.5735,36.6919,28.3387,36.4929,0.3077,3.5363,63.97890148,79.686,914.971
0,4000,0,0,35,1666.666667,0.021,0.525,45,0.0659,0.5756,34.829,27.3681,34.2214,0.2098,3.2494,60.50903405,77.948,677.624
0,4000,0,0,35,1666.666667,0.021,0.525,50,0.0749,0.4522,37.4826,28.9803,38.1363,0.958,5.6595,82.88942946,80.727,1148.924
0,4000,0,0,35,1666.666667,0.021,0.525,55,0.0722,0.5425,30.4493,24.2989,30.2187,0.1646,3.0593,56.12774194,78.443,751.873
0,4000,0,0,35,1666.666667,0.021,0.525,60,0.0749,0.5645,26.3985,20.879,26.3563,0.1297,3.2818,46.76439327,75.877,509.473
0,4000,0,0,35,1666.666667,0.021,0.525,65,0.0692,0.59,27.4357,21.4781,27.5099,0.0775,3.428,46.50118644,75.834,502.972
0,4000,0,0,35,1666.666667,0.021,0.525,70,0.0723,0.566,23.0946,18.2163,23.5549,0.3042,3.8767,40.80318021,75.811,509.453
0,4000,0,0,35,1666.666667,0.021,0.525,75,0.0716,0.6238,25.6499,20.4827,25.9215,0.0724,3.2925,41.11878807,76.114,520.694
0,4000,0,0,35,1666.666667,0.021,0.525,80,0.0694,0.6081,27.0508,21.2257,27.2848,0.0953,3.4872,44.4841309,74.659,433.144
0,4000,0,0,35,1666.666667,0.021,0.525,85,0.0689,0.6225,24.4895,19.4282,25.1075,-0.0701,3.6971,39.34056225,74.472,419.744
0,4000,0,0,35,1666.666667,0.021,0.525,90,0.0699,0.6002,25.5012,19.8458,25.786,-0.0397,3.6607,42.48783739,75.726,495.835
138,487.5,0.283076923,7.076923077,80,1000,0.08,2,0,0.1091,1.1213,13.7851,11.1629,14.7643,0.7557,7.0722,12.29385535,58.579,92.413
138,487.5,0.283076923,7.076923077,80,1000,0.08,2,5,0.0924,0.8891,25.434,22.0949,29.1498,0.995,4.4407,28.60645597,68.287,201.673
138,487.5,0.283076923,7.076923077,80,1000,0.08,2,10,0.0785,0.7744,25.6553,20.5887,27.6098,0.7639,4.6388,33.12926136,70.422,249.95
138,487.5,0.283076923,7.076923077,80,1000,0.08,2,15,0.0622,0.8278,24.8925,19.2901,24.8823,0.3952,3.5472,30.07066924,68.892,212.736
138,487.5,0.283076923,7.076923077,80,1000,0.08,2,20,0.0663,0.8429,22.2566,17.8683,22.7476,0.5479,3.706,26.40479298,68.925,217.296
138,487.5,0.283076923,7.076923077,80,1000,0.08,2,25,0.0796,0.7787,18.3576,14.9008,19.2092,0.9144,4.9874,23.57467574,69.206,228.105
138,487.5,0.283076923,7.076923077,80,1000,0.08,2,30,0.0855,0.8729,17.0265,13.8362,18.3134,0.8763,5.4385,19.50567075,68.279,208.416
138,487.5,0.283076923,7.076923077,80,1000,0.08,2,35,0.0823,0.906,15.4736,12.1951,16.4086,1.1501,6.226,17.0790287,68.559,215.962
138,487.5,0.283076923,7.076923077,80,1000,0.08,2,40,0.0934,0.8337,18.8011,14.0431,21.1504,2.2125,13.1341,22.55139739,72.323,312.84
138,487.5,0.283076923,7.076923077,80,1000,0.08,2,45,0.0936,1.0002,13.1926,10.4898,13.9996,0.9922,5.7127,13.18996201,64.495,149.878
138,487.5,0.283076923,7.076923077,80,1000,0.08,2,50,0.0894,1.0872,12.3541,9.2993,12.6149,0.8114,5.1995,11.36322664,68.296,208.518
138,487.5,0.283076923,7.076923077,80,1000,0.08,2,55,0.0965,0.9725,14.5503,10.6113,14.313,1.4371,8.0801,14.96174807,68.707,212.754
138,487.5,0.283076923,7.076923077,80,1000,0.08,2,60,0.0945,1.1607,11.115,8.4335,11.1417,0.6539,5.4509,9.57611786,65.819,167.028
138,487.5,0.283076923,7.076923077,80,1000,0.08,2,65,0.0905,1.174,8.4885,6.7351,8.7218,0.4325,4.0216,7.230408859,62.074,125.027
138,487.5,0.283076923,7.076923077,80,1000,0.08,2,70,0.0896,1.0934,9.1146,7.0794,9.349,0.9478,5.3524,8.336016097,67.132,191.975
138,487.5,0.283076923,7.076923077,80,1000,0.08,2,75,0.0922,1.1093,8.7256,6.5719,8.8169,0.9858,5.931,7.865861354,67.235,193.863
138,487.5,0.283076923,7.076923077,80,1000,0.08,2,80,0.0925,1.0464,9.119,7.139,9.4286,0.8987,4.6285,8.714640673,65.535,166.757
138,487.5,0.283076923,7.076923077,80,1000,0.08,2,85,0.0914,0.9894,9.6879,7.6233,10.2243,1.2524,6.9531,9.791691935,68.578,222.36
138,487.5,0.283076923,7.076923077,80,1000,0.08,2,90,0.0902,0.9548,10.7763,8.5667,11.0256,0.697,4.0536,11.28644742,68.772,227.536
138,433.3333333,0.318461538,7.961538462,80,888.8888889,0.09,2.25,0,0.0984,1.0783,25.895,21.4298,28.2168,1.4851,5.2634,24.01465269,68.873,219.175
138,433.3333333,0.318461538,7.961538462,80,888.8888889,0.09,2.25,5,0.0797,0.7199,37.8496,31.5668,41.3949,1.1779,4.8681,52.57619114,72.616,314.772
138,433.3333333,0.318461538,7.961538462,80,888.8888889,0.09,2.25,10,0.0812,0.9726,27.1199,22.3875,30.9695,0.9184,5.5235,27.88391939,68.025,181.991
138,433.3333333,0.318461538,7.961538462,80,888.8888889,0.09,2.25,15,0.0802,0.8557,28.3986,22.7297,30.1603,0.8521,4.8711,33.18756574,68.789,198.505
138,433.3333333,0.318461538,7.961538462,80,888.8888889,0.09,2.25,20,0.0797,0.9832,22.0165,17.7375,22.7226,0.5815,4.0834,22.39269731,65.854,164.833
138,433.3333333,0.318461538,7.961538462,80,888.8888889,0.09,2.25,25,0.0811,0.8809,26.072,21.4825,26.5046,0.6295,3.0087,29.59700307,69.477,239.601
138,433.3333333,0.318461538,7.961538462,80,888.8888889,0.09,2.25,30,0.085,0.9856,21.2641,17.9463,22.7974,0.7598,3.8531,21.57477679,68.612,216.07
138,433.3333333,0.318461538,7.961538462,80,888.8888889,0.09,2.25,35,0.0913,0.9815,19.1926,15.2007,19.787,0.3288,3.7754,19.55435558,67.442,194.012
138,433.3333333,0.318461538,7.961538462,80,888.8888889,0.09,2.25,40,0.09,1.132,16.5801,13.5982,17.7483,0.8997,5.5725,14.64673145,64.476,148.723
138,433.3333333,0.318461538,7.961538462,80,888.8888889,0.09,2.25,45,0.0894,1.1562,18.5028,14.7253,18.5372,0.2336,3.5615,16.00311365,63.57,135.955
138,433.3333333,0.318461538,7.961538462,80,888.8888889,0.09,2.25,50,0.0959,1.0494,15.3914,12.482,15.5222,0.2194,2.8364,14.66685725,63.278,137.447
138,433.3333333,0.318461538,7.961538462,80,888.8888889,0.09,2.25,55,0.0921,1.156,13.9473,10.8976,14.1237,0.744,3.9759,12.06513841,64.212,147.519
138,433.3333333,0.318461538,7.961538462,80,888.8888889,0.09,2.25,60,0.0931,1.1146,12.5768,10.2875,13.1318,0.6668,4.186,11.28368922,64.342,148.47
138,433.3333333,0.318461538,7.961538462,80,888.8888889,0.09,2.25,65,0.0884,1.1384,13.3377,10.665,13.5697,0.8017,4.811,11.7161806,64.132,146.93
138,433.3333333,0.318461538,7.961538462,80,888.8888889,0.09,2.25,70,0.0877,1.074,12.4717,9.7302,13.0996,1.3835,6.8956,11.61238361,68.352,215.722
138,433.3333333,0.318461538,7.961538462,80,888.8888889,0.09,2.25,75,0.0863,1.1365,9.3667,7.2637,9.7487,1.1923,5.5481,8.241706995,68.201,213.132
138,433.3333333,0.318461538,7.961538462,80,888.8888889,0.09,2.25,80,0.081,1.0768,10.6404,8.3107,10.9532,1.0682,4.2989,9.881500743,71.043,284.291
138,433.3333333,0.318461538,7.961538462,80,888.8888889,0.09,2.25,85,0.0833,1.0492,9.9634,7.7878,10.332,1.1454,4.5724,9.496187571,70.413,265.301
138,433.3333333,0.318461538,7.961538462,80,888.8888889,0.09,2.25,90,0.0886,1.0432,9.8915,7.7969,10.2403,0.8746,4.2671,9.481882669,67.41,198.915
138,354.5454545,0.389230769,9.730769231,80,727.2727273,0.11,2.75,0,0.1184,0.6231,32.9569,25.3722,34.4902,0.9202,4.0176,52.89183117,76.792,570.219
138,354.5454545,0.389230769,9.730769231,80,727.2727273,0.11,2.75,5,0.08,0.6024,50.2788,41.1617,53.7641,1.079,5.1448,83.46414343,77.649,596.141
138,354.5454545,0.389230769,9.730769231,80,727.2727273,0.11,2.75,10,0.069,0.7633,38.8096,31.2668,39.9229,0.0801,3.0398,50.84449103,74.556,385.664
138,354.5454545,0.389230769,9.730769231,80,727.2727273,0.11,2.75,15,0.0726,0.747,32.3002,24.7672,31.9703,0.4255,3.4639,43.2398929,71.113,270.216
138,354.5454545,0.389230769,9.730769231,80,727.2727273,0.11,2.75,20,0.0857,0.7445,26.4557,20.6329,27.378,0.7441,4.0867,35.53485561,73.859,379.928
138,354.5454545,0.389230769,9.730769231,80,727.2727273,0.11,2.75,25,0.1025,0.8191,22.6843,17.8424,22.9584,0.9745,4.8065,27.69417654,70.129,251.888
138,354.5454545,0.389230769,9.730769231,80,727.2727273,0.11,2.75,30,0.1006,0.9249,20.3097,16.1128,20.0313,0.4042,2.8553,21.95880636,65.979,167.241
138,354.5454545,0.389230769,9.730769231,80,727.2727273,0.11,2.75,35,0.1056,1.0322,15.4804,12.4524,15.8248,1.1367,7.2571,14.99748111,64.801,148.369
138,354.5454545,0.389230769,9.730769231,80,727.2727273,0.11,2.75,40,0.1008,1.0678,14.8146,11.7531,14.8991,0.6287,3.5107,13.87394643,65.948,162.459
138,354.5454545,0.389230769,9.730769231,80,727.2727273,0.11,2.75,45,0.096,1.083,12.2825,9.9612,12.5107,0.7618,3.9239,11.3411819,66.343,152.06
,,0.389230769,9.730769231,80,727.2727273,0.11,2.75,50,0.0986,1.1446,9.5812,7.5071,9.7443,0.7722,5.2032,8.370784554,57.229,85.179
,,0.389230769,9.730769231,80,727.2727273,0.11,2.75,55,0.0978,1.2408,9.0529,6.8816,9.024,0.5974,4.1966,7.296018698,57.995,89.653
,,0.389230769,9.730769231,80,727.2727273,0.11,2.75,60,0.0943,1.3019,9.3879,6.8401,9.4965,1.2572,6.3445,7.210922498,57.343,86.131
,,0.389230769,9.730769231,80,727.2727273,0.11,2.75,65,0.0907,1.3305,7.9383,5.8507,7.9427,1.2768,6.3982,5.966403608,58.992,97.129
,,0.389230769,9.730769231,80,727.2727273,0.11,2.75,70,0.091,1.3761,7.4054,5.3969,7.4314,1.2984,6.5463,5.381440302,58.924,96.811
,,0.389230769,9.730769231,80,727.2727273,0.11,2.75,75,0.0934,1.3089,7.1208,5.2023,7.1386,1.302,6.3387,5.440293376,58.767,96.726
,,0.389230769,9.730769231,80,727.2727273,0.11,2.75,80,0.095,1.1996,7.6207,5.5772,8.1258,2.2353,14.5379,6.3527009,65.043,158.41
,,0.389230769,9.730769231,80,727.2727273,0.11,2.75,85,0.0931,1.1861,7.5402,5.6025,7.7808,1.1825,7.4377,6.357136835,62.236,126.165
,,0.389230769,9.730769231,80,727.2727273,0.11,2.75,90,0.099,1.077,8.3794,6.3236,8.3509,0.7335,4.6174,7.780315692,61.028,112.486
,,0.424615385,10.61538462,80,666.6666667,0.12,3,0,0.104,1.0544,15.456,12.4598,16.5791,0.7568,5.6221,14.6585736,61.848,118.914
,,0.424615385,10.61538462,80,666.6666667,0.12,3,5,0.087,0.626,50.0098,40.1731,49.817,0.063,2.6579,79.88785942,75.146,439.6
,,0.424615385,10.61538462,80,666.6666667,0.12,3,10,0.0773,0.5573,35.9085,29.9968,39.0624,0.6363,3.757,64.43298044,76.359,516.582
,,0.424615385,10.61538462,80,666.6666667,0.12,3,15,0.0802,0.8025,26.9657,20.5737,26.9756,0.5265,4.3047,33.60211838,72.526,318.316
,,0.424615385,10.61538462,80,666.6666667,0.12,3,20,0.0856,0.9607,23.7396,18.908,24.3162,0.8393,4.1086,24.71073176,64.304,145.163
,,0.424615385,10.61538462,80,666.6666667,0.12,3,25,0.0896,1.0062,21.8712,17.1419,22.7886,1.0332,6.4159,21.73643411,65.426,154.995
,,0.424615385,10.61538462,80,666.6666667,0.12,3,30,0.1012,1.0501,15.0615,11.5952,15.0051,0.8162,4.3976,14.34291972,64.855,151.501
,,0.424615385,10.61538462,80,666.6666667,0.12,3,35,0.103,0.9422,17.7646,13.9196,18.0191,0.8553,4.3761,18.85438336,67.787,189.413
,,0.424615385,10.61538462,80,666.6666667,0.12,3,40,0.0961,1.1938,15.0992,11.6856,15.1315,0.5295,3.9371,12.64801474,60.887,111.114
,,0.424615385,10.61538462,80,666.6666667,0.12,3,45,0.092,1.2207,13.8467,10.8181,13.8473,0.5102,3.4268,11.34324568,58.109,90.649
,,0.424615385,10.61538462,80,666.6666667,0.12,3,50,0.0942,1.2424,12.5966,9.6265,12.7829,1.0871,5.0266,10.13892466,62.101,121.346
,,0.424615385,10.61538462,80,666.6666667,0.12,3,55,0.0934,1.3541,10.6206,8.4322,10.5718,0.6364,3.9258,7.843290747,57.708,87.679
,,0.424615385,10.61538462,80,666.6666667,0.12,3,60,0.0886,1.3584,9.7255,7.4518,9.6253,0.7665,3.9066,7.159525913,58.336,91.376
,,0.424615385,10.61538462,80,666.6666667,0.12,3,65,0.0917,1.2434,9.9555,7.4197,9.6204,0.7358,3.9647,8.006675245,67.001,185.802
,,0.424615385,10.61538462,80,666.6666667,0.12,3,70,0.0819,1.6005,6.9108,4.9013,6.7392,1.4002,7.0694,4.317900656,59.326,98.448
,,0.424615385,10.61538462,80,666.6666667,0.12,3,75,0.0882,1.5177,7.1828,5.2717,7.1654,1.2408,6.6384,4.732687619,60.056,104.266
,,0.424615385,10.61538462,80,666.6666667,0.12,3,80,0.0885,1.4907,6.5662,4.6451,6.7709,1.5509,7.8385,4.40477628,62.031,123.518
,,0.424615385,10.61538462,80,666.6666667,0.12,3,85,0.0897,1.414,6.7698,4.9057,6.7954,1.305,6.3532,4.787694484,65.933,168.832
,,0.424615385,10.61538462,80,666.6666667,0.12,3,90,0.0898,1.3074,6.9843,5.0914,7.0733,1.3228,7.0684,5.342129417,67.488,193.063
,,0,0,35,2000,0.0175,0.4375,0,0.1352,0.605,34.8668,29.8754,37.1332,0.7967,3.4655,57.63107438,72.841,340.4
,,0,0,35,2000,0.0175,0.4375,5,0.0859,0.6067,31.5687,25.3964,31.886,0.4921,3.2583,52.0334597,72.966,350.524
,,0,0,35,2000,0.0175,0.4375,10,0.0722,0.5688,34.9613,29.8778,39.2302,1.1315,6.2553,61.46501406,77.447,567.065
,,0,0,35,2000,0.0175,0.4375,15,0.0705,0.6091,32.4601,25.1602,32.9427,0.3853,3.6934,53.29190609,76.353,481.04
,,0,0,35,2000,0.0175,0.4375,20,0.08,0.4728,36.5905,30.1307,38.1996,0.6763,3.3149,77.39107445,77.518,631.609
,,0,0,35,2000,0.0175,0.4375,25,0.0656,0.6178,33.6638,27.4981,34.512,0.5261,3.5459,54.48980253,74.479,405.383
,,0,0,35,2000,0.0175,0.4375,30,0.0614,0.6234,37.3211,29.814,37.2114,0.4474,3.1107,59.86701957,75.318,449.847
,,0,0,35,2000,0.0175,0.4375,35,0.0617,0.623,34.9295,28.1664,36.0371,0.6027,3.6875,56.06661316,76.39,478.731
,,0,0,35,2000,0.0175,0.4375,40,0.0593,0.7761,33.952,27.8842,34.7877,0.5124,3.1117,43.74693983,72.398,310.491
,,0,0,35,2000,0.0175,0.4375,45,0.0532,0.744,33.2658,26.7553,33.0112,0.3861,3.1602,44.71209677,72.338,310.547
,,0,0,35,2000,0.0175,0.4375,50,0.0545,0.782,34.7202,27.4343,34.1626,0.1819,2.9674,44.39923274,72.843,328.897
,,0,0,35,2000,0.0175,0.4375,55,0.0482,0.7789,28.9388,21.9714,28.0614,-0.0083,3.2692,37.15342149,73.693,381.875
,,0,0,35,2000,0.0175,0.4375,60,0.0547,0.773,31.3886,23.592,31.0503,0.7874,4.781,40.60620957,72.679,331.416
,,0,0,35,2000,0.0175,0.4375,65,0.0563,0.7711,27.0256,21.9194,27.2613,-0.1616,2.9069,35.04811309,75.336,391.897
,,0,0,35,2000,0.0175,0.4375,70,0.0552,0.7899,25.3823,20.0688,25.5757,-0.079,3.3054,32.13356121,70.656,268.863
,,0,0,35,2000,0.0175,0.4375,75,0.0558,0.7964,25.631,19.8791,25.3193,0.0946,3.3117,32.18357609,70.35,263.424
,,0,0,35,2000,0.0175,0.4375,80,0.0601,0.8309,21.8226,17.0227,22.5802,-0.1479,4.3487,26.26381033,68.956,225.672
,,0,0,35,2000,0.0175,0.4375,85,0.0586,0.8015,25.0042,19.1939,24.9129,0.0646,3.748,31.19675608,68.608,220.219
,,0,0,35,2000,0.0175,0.4375,90,0.0567,0.7684,24.6628,18.9317,24.7899,0.0622,3.7226,32.09630401,69.758,244.83
,,0.353846154,8.846153846,80,800,0.1,2.5,0,0.0992,1.1517,24.8417,20.2529,26.4611,1.2188,4.4825,21.56959278,57.873,83.153
,,0.353846154,8.846153846,80,800,0.1,2.5,5,0.0819,0.8922,34.6153,27.9789,36.7196,0.6878,3.9986,38.7976911,66.17,156.525
,,0.353846154,8.846153846,80,800,0.1,2.5,10,0.0862,0.8383,26.1314,20.4066,26.9813,-0.1974,3.9229,31.1718955,68.715,211.298
,,0.353846154,8.846153846,80,800,0.1,2.5,15,0.0854,0.7702,24.765,20.0791,25.1165,0.5792,3.1273,32.15398598,69.694,234.818
,,0.353846154,8.846153846,80,800,0.1,2.5,20,0.0964,0.8945,18.9982,15.5564,19.4541,0.3359,3.1714,21.23890442,67.922,196.45
,,0.353846154,8.846153846,80,800,0.1,2.5,25,0.0968,0.7141,20.7287,16.4978,21.5232,1.0385,4.8621,29.02772721,71.648,289.088
,,0.353846154,8.846153846,80,800,0.1,2.5,30,0.0987,0.7091,18.7324,15.3407,21.0481,1.1513,9.963,26.4171485,73.584,366.866
,,0.353846154,8.846153846,80,800,0.1,2.5,35,0.1031,0.8601,14.4553,11.6506,14.9675,0.371,3.8353,16.80653412,66.876,185.862
,,0.353846154,8.846153846,80,800,0.1,2.5,40,0.095,0.9325,18.8041,15.4131,20.0562,0.6614,4.2966,20.16525469,64.822,155.571
,,0.353846154,8.846153846,80,800,0.1,2.5,45,0.0979,1.0126,13.1002,10.4874,13.5563,0.7974,4.4185,12.93719139,62.641,129.794
,,0.353846154,8.846153846,80,800,0.1,2.5,50,0.1059,0.933,12.3123,9.9338,13.2063,1.2815,8.0017,13.19646302,63.523,140.53
,,0.353846154,8.846153846,80,800,0.1,2.5,55,0.1017,1.0417,10.4037,7.9918,11.2581,1.4189,8.8946,9.987232409,65.29,160.602
,,0.353846154,8.846153846,80,800,0.1,2.5,60,0.1059,0.9301,12.1309,9.5745,13.3628,1.6225,8.6287,13.04257607,67.144,189.141
,,0.353846154,8.846153846,80,800,0.1,2.5,65,0.0957,1.0309,12.2203,9.6654,13.5988,1.7708,9.3145,11.85401106,67.817,199.25
,,0.353846154,8.846153846,80,800,0.1,2.5,70,0.1023,1.0826,9.6006,7.449,11.0113,2.4338,13.9863,8.868095326,67.613,197.171
,,0.353846154,8.846153846,80,800,0.1,2.5,75,0.0949,1.1656,8.7618,6.6242,9.3231,1.6732,8.0372,7.51698696,66.125,173.718
,,0.353846154,8.846153846,80,800,0.1,2.5,80,0.0915,1.225,7.8483,6.1091,8.7647,1.9149,9.1762,6.40677551,63.022,132.198
,,0.353846154,8.846153846,80,800,0.1,2.5,85,0.1002,1.0929,8.1685,6.2654,8.8538,1.7031,8.4456,7.47415134,60.987,115.105
,,0.353846154,8.846153846,80,800,0.1,2.5,90,0.1036,0.9686,9.8007,6.8976,10.6209,2.5785,14.4568,10.11841834,64.635,152.922
